Name,Age,City,Occupation
Alice,30,New York,Engineer
Bob,25,Los Angeles,Designer
Charlie,35,Chicago,Teacher
Diana,28,Houston,Doctor
Eve,22,Miami,Student
Frank,40,Seattle,Manager
Alice,30,New York,Engineer
Bob,25,Los Angeles,Designer
Charlie,35,Chicago,Teacher
Diana,28,Houston,Doctor
Eve,22,Miami,Student
Frank,40,Seattle,Manager
Alice,30,New York,Engineer
Bob,25,Los Angeles,Designer
Charlie,35,Chicago,Teacher
Diana,28,Houston,Doctor
Eve,22,Miami,Student
Frank,40,Seattle,Manager
Alice,30,New York,Engineer
Bob,25,Los Angeles,Designer
Charlie,35,Chicago,Teacher
Diana,28,Houston,Doctor
Eve,22,Miami,Student
Frank,40,Seattle,Manager
Alice,30,New York,Engineer
Bob,25,Los Angeles,Designer
Charlie,35,Chicago,Teacher
Diana,28,Houston,Doctor
Eve,22,Miami,Student
Frank,40,Seattle,Manager
Alice,30,New York,Engineer
Bob,25,Los Angeles,Designer
Charlie,35,Chicago,Teacher
Diana,28,Houston,Doctor
Eve,22,Miami,Student
Frank,40,Seattle,Manager
Alice,30,New York,Engineer
Bob,25,Los Angeles,Designer
Charlie,35,Chicago,Teacher
Diana,28,Houston,Doctor
Eve,22,Miami,Student
Frank,40,Seattle,Manager
Alice,30,New York,Engineer
Bob,25,Los Angeles,Designer
Charlie,35,Chicago,Teacher
Diana,28,Houston,Doctor
Eve,22,Miami,Student
Frank,40,Seattle,Manager
Alice,30,New York,Engineer
Bob,25,Los Angeles,Designer
Charlie,35,Chicago,Teacher
Diana,28,Houston,Doctor
Eve,22,Miami,Student
Frank,40,Seattle,Manager
Alice,30,New York,Engineer
Bob,25,Los Angeles,Designer
Charlie,35,Chicago,Teacher
Diana,28,Houston,Doctor
Eve,22,Miami,Student
Frank,40,Seattle,Manager
Alice,30,New York,Engineer
Bob,25,Los Angeles,Designer
Charlie,35,Chicago,Teacher
Diana,28,Houston,Doctor
Eve,22,Miami,Student
Frank,40,Seattle,Manager
Alice,30,New York,Engineer
Bob,25,Los Angeles,Designer
